place,3/13/20,3/14/20,3/15/20,3/16/20,3/17/20,3/18/20,3/19/20,3/20/20,3/21/20,3/22/20,3/23/20,3/24/20,3/25/20,3/26/20,3/27/20,3/28/20,3/29/20,3/30/20,3/31/20,4/1/20,4/2/20,4/3/20,4/4/20,4/5/20,4/6/20,4/7/20,4/8/20,4/9/20,4/10/20,4/11/20,4/12/20,4/13/20,4/14/20
World,145193.0 +/- 0.0,145194.0 +/- 1.0,145195.0 +/- 1.4,145196.0 +/- 1.7,145197.0 +/- 2.0,145198.0 +/- 2.2,145199.0 +/- 2.4,145200.0 +/- 2.6,145201.0 +/- 2.8,145202.0 +/- 3.0,145203.0 +/- 3.2,145204.0 +/- 3.3,145205.0 +/- 3.5,145206.0 +/- 3.6,145207.0 +/- 3.7,145208.0 +/- 3.9,145209.0 +/- 4.0,145210.0 +/- 4.1,145211.0 +/- 4.2,145212.0 +/- 4.4,145213.0 +/- 4.5,145214.0 +/- 4.6,145215.0 +/- 4.7,145216.0 +/- 4.8,145217.0 +/- 4.9,145218.0 +/- 5.0,145219.0 +/- 5.1,145220.0 +/- 5.2,145221.0 +/- 5.3,145222.0 +/- 5.4,145223.0 +/- 5.5,145224.0 +/- 5.6,145225.0 +/- 5.7
Rest of World,145193.0 +/- 0.0,145194.0 +/- 1.0,145195.0 +/- 1.4,145196.0 +/- 1.7,145197.0 +/- 2.0,145198.0 +/- 2.2,145199.0 +/- 2.4,145200.0 +/- 2.6,145201.0 +/- 2.8,145202.0 +/- 3.0,145203.0 +/- 3.2,145204.0 +/- 3.3,145205.0 +/- 3.5,145206.0 +/- 3.6,145207.0 +/- 3.7,145208.0 +/- 3.9,145209.0 +/- 4.0,145210.0 +/- 4.1,145211.0 +/- 4.2,145212.0 +/- 4.4,145213.0 +/- 4.5,145214.0 +/- 4.6,145215.0 +/- 4.7,145216.0 +/- 4.8,145217.0 +/- 4.9,145218.0 +/- 5.0,145219.0 +/- 5.1,145220.0 +/- 5.2,145221.0 +/- 5.3,145222.0 +/- 5.4,145223.0 +/- 5.5,145224.0 +/- 5.6,145225.0 +/- 5.7
China,80945.0 +/- 0.0,80946.0 +/- 1.0,80947.0 +/- 1.4,80948.0 +/- 1.7,80949.0 +/- 2.0,80950.0 +/- 2.2,80951.0 +/- 2.4,80952.0 +/- 2.6,80953.0 +/- 2.8,80954.0 +/- 3.0,80955.0 +/- 3.2,80956.0 +/- 3.3,80957.0 +/- 3.5,80958.0 +/- 3.6,80959.0 +/- 3.7,80960.0 +/- 3.9,80961.0 +/- 4.0,80962.0 +/- 4.1,80963.0 +/- 4.2,80964.0 +/- 4.4,80965.0 +/- 4.5,80966.0 +/- 4.6,80967.0 +/- 4.7,80968.0 +/- 4.8,80969.0 +/- 4.9,80970.0 +/- 5.0,80971.0 +/- 5.1,80972.0 +/- 5.2,80973.0 +/- 5.3,80974.0 +/- 5.4,80975.0 +/- 5.5,80976.0 +/- 5.6,80977.0 +/- 5.7
Hubei,67786.0 +/- 0.0,67787.0 +/- 1.0,67788.0 +/- 1.4,67789.0 +/- 1.7,67790.0 +/- 2.0,67791.0 +/- 2.2,67792.0 +/- 2.5,67793.0 +/- 2.6,67794.0 +/- 2.8,67795.0 +/- 3.0,67796.0 +/- 3.2,67797.0 +/- 3.3,67798.0 +/- 3.5,67799.0 +/- 3.6,67800.0 +/- 3.7,67801.0 +/- 3.9,67802.0 +/- 4.0,67803.0 +/- 4.1,67804.0 +/- 4.2,67805.0 +/- 4.4,67806.0 +/- 4.5,67807.0 +/- 4.6,67808.0 +/- 4.7,67809.0 +/- 4.8,67810.0 +/- 4.9,67811.0 +/- 5.0,67812.0 +/- 5.1,67813.0 +/- 5.2,67814.0 +/- 5.3,67815.0 +/- 5.4,67816.0 +/- 5.5,67817.0 +/- 5.6,67818.0 +/- 5.7
Europe,36763.0 +/- 0.0,38760.8 +/- 54.1,40523.2 +/- 86.5,42027.6 +/- 115.6,43270.2 +/- 141.8,44263.3 +/- 164.6,45031.3 +/- 183.7,45606.1 +/- 199.2,46022.4 +/- 211.2,46314.3 +/- 220.2,46512.4 +/- 226.7,46642.6 +/- 231.3,46725.6 +/- 234.3,46776.9 +/- 236.3,46807.8 +/- 237.5,46826.0 +/- 238.2,46836.5 +/- 238.7,46842.6 +/- 238.9,46846.3 +/- 239.0,46848.7 +/- 239.1,46850.3 +/- 239.1,46851.6 +/- 239.2,46852.8 +/- 239.2,46853.8 +/- 239.2,46854.9 +/- 239.2,46855.9 +/- 239.2,46856.9 +/- 239.2,46857.9 +/- 239.2,46858.9 +/- 239.2,46859.9 +/- 239.2,46860.9 +/- 239.2,46861.9 +/- 239.2,46862.9 +/- 239.2
Rest of Europe,19103.0 +/- 0.0,21598.1 +/- 72.1,24350.2 +/- 139.9,27332.4 +/- 223.9,30507.0 +/- 325.9,33826.9 +/- 446.2,37237.8 +/- 584.3,40680.4 +/- 738.3,44094.0 +/- 905.6,47419.2 +/- 1082.9,50601.3 +/- 1266.4,53592.9 +/- 1451.7,56356.0 +/- 1634.9,58863.0 +/- 1812.0,61097.6 +/- 1979.5,63054.5 +/- 2134.7,64738.0 +/- 2275.5,66160.8 +/- 2400.7,67342.1 +/- 2509.8,68305.7 +/- 2602.9,69077.8 +/- 2680.9,69685.6 +/- 2744.9,70155.7 +/- 2796.4,70512.9 +/- 2837.1,70779.4 +/- 2868.7,70974.9 +/- 2892.6,71115.7 +/- 2910.5,71215.3 +/- 2923.6,71284.6 +/- 2933.0,71331.9 +/- 2939.6,71363.7 +/- 2944.1,71384.6 +/- 2947.3,71398.2 +/- 2949.3
Italy,17660.0 +/- 0.0,21391.9 +/- 113.7,25536.2 +/- 239.3,30057.3 +/- 398.2,34902.9 +/- 592.7,40004.8 +/- 823.4,45282.1 +/- 1088.9,50644.9 +/- 1386.0,55998.6 +/- 1710.2,61249.3 +/- 2055.0,66308.2 +/- 2413.3,71096.8 +/- 2777.1,75549.7 +/- 3138.3,79617.6 +/- 3489.3,83268.4 +/- 3823.1,86487.3 +/- 4134.0,89275.4 +/- 4417.6,91648.0 +/- 4671.2,93631.5 +/- 4893.4,95260.6 +/- 5084.3,96575.1 +/- 5245.1,97617.2 +/- 5377.9,98428.8 +/- 5485.5,99049.8 +/- 5570.9,99516.8 +/- 5637.6,99861.8 +/- 5688.5,100112.3 +/- 5726.8,100291.1 +/- 5754.9,100416.5 +/- 5775.3,100503.0 +/- 5789.7,100561.8 +/- 5799.8,100601.2 +/- 5806.7,100627.2 +/- 5811.3
MiddleEast,12411.0 +/- 0.0,13496.8 +/- 52.9,14525.1 +/- 102.2,15479.1 +/- 158.7,16346.2 +/- 221.2,17118.0 +/- 287.7,17791.2 +/- 356.2,18366.2 +/- 424.3,18847.4 +/- 489.8,19241.9 +/- 551.1,19558.7 +/- 606.6,19807.8 +/- 655.6,19999.9 +/- 697.7,20144.8 +/- 732.9,20252.0 +/- 761.6,20329.6 +/- 784.4,20384.7 +/- 802.1,20423.0 +/- 815.4,20449.1 +/- 825.3,20466.4 +/- 832.4,20477.8 +/- 837.4,20485.1 +/- 840.8,20489.6 +/- 843.1,20492.4 +/- 844.6,20494.1 +/- 845.6,20495.1 +/- 846.2,20495.7 +/- 846.6,20496.0 +/- 846.8,20496.2 +/- 846.9,20496.3 +/- 847.0,20496.3 +/- 847.0,20496.4 +/- 847.1,20496.4 +/- 847.1
Iran,11364.0 +/- 0.0,12244.5 +/- 48.4,13046.8 +/- 92.2,13760.0 +/- 140.3,14378.8 +/- 191.1,14902.6 +/- 242.5,15335.2 +/- 292.6,15684.0 +/- 339.5,15958.2 +/- 381.9,16168.7 +/- 419.0,16326.3 +/- 450.3,16441.5 +/- 476.0,16523.6 +/- 496.4,16580.7 +/- 512.1,16619.5 +/- 523.8,16645.2 +/- 532.4,16661.8 +/- 538.4,16672.2 +/- 542.5,16678.7 +/- 545.2,16682.6 +/- 547.0,16684.8 +/- 548.2,16686.1 +/- 548.8,16686.9 +/- 549.3,16687.2 +/- 549.5,16687.5 +/- 549.6,16687.6 +/- 549.7,16687.6 +/- 549.8,16687.6 +/- 549.8,16687.7 +/- 549.8,16687.7 +/- 549.8,16687.7 +/- 549.8,16687.7 +/- 549.8,16687.7 +/- 549.8
Korea South,7979.0 +/- 0.0,8028.1 +/- 7.4,8060.4 +/- 9.8,8081.0 +/- 11.2,8093.7 +/- 12.1,8101.3 +/- 12.6,8105.6 +/- 12.9,8108.1 +/- 13.1,8109.4 +/- 13.2,8110.1 +/- 13.2,8110.4 +/- 13.2,8110.6 +/- 13.3,8110.7 +/- 13.3,8110.7 +/- 13.3,8110.7 +/- 13.3,8110.8 +/- 13.3,8110.8 +/- 13.3,8110.8 +/- 13.3,8110.8 +/- 13.3,8110.8 +/- 13.3,8110.8 +/- 13.3,8110.8 +/- 13.3,8110.8 +/- 13.3,8110.8 +/- 13.3,8110.8 +/- 13.3,8110.8 +/- 13.3,8110.8 +/- 13.3,8110.8 +/- 13.3,8110.8 +/- 13.3,8110.8 +/- 13.3,8110.8 +/- 13.3,8110.8 +/- 13.3,8110.8 +/- 13.3
Spain,5232.0 +/- 0.0,10053.1 +/- 185.4,18185.5 +/- 585.1,31662.5 +/- 1447.6,53604.1 +/- 3185.2,88698.6 +/- 6502.8,143843.3 +/- 12566.5,228968.9 +/- 23244.1,358063.5 +/- 41438.5,550393.6 +/- 71531.4,831892.9 +/- 119951.9,1236653.7 +/- 195871.2,1808408.8 +/- 312013.6,2601845.8 +/- 485545.0,3683542.4 +/- 738976.3,5132278.0 +/- 1100983.8,7038455.7 +/- 1607018.1,9502385.2 +/- 2299547.5,12631228.3 +/- 3227771.2,16534510.3 +/- 4446646.6,21318240.6 +/- 6015109.6,27077863.6 +/- 7993435.0,33890450.7 +/- 10439773.0,41806722.6 +/- 13406013.6,50843632.9 +/- 16933245.9,60978308.9 +/- 21047189.6,72144123.3 +/- 25754051.3,84229538.5 +/- 31037285.3,97080138.0 +/- 36855707.6,110503949.3 +/- 43143309.7,124279816.0 +/- 49810963.2,138168230.3 +/- 56750008.8,151923751.0 +/- 63837506.5
Germany,3675.0 +/- 0.0,4395.9 +/- 64.1,5258.2 +/- 152.4,6271.6 +/- 279.5,7441.7 +/- 453.6,8768.9 +/- 682.3,10248.0 +/- 972.3,11867.4 +/- 1328.1,13609.1 +/- 1752.1,15449.5 +/- 2243.9,17360.0 +/- 2800.0,19308.3 +/- 3413.4,21260.3 +/- 4074.4,23181.5 +/- 4770.9,25039.3 +/- 5488.6,26804.2 +/- 6212.4,28451.2 +/- 6927.1,29961.2 +/- 7618.4,31321.4 +/- 8273.4,32525.0 +/- 8881.7,33571.3 +/- 9435.3,34465.0 +/- 9929.4,35214.9 +/- 10361.8,35833.1 +/- 10732.9,36333.9 +/- 11045.2,36732.4 +/- 11303.2,37044.0 +/- 11512.2,37283.4 +/- 11678.3,37464.3 +/- 11807.8,37598.5 +/- 11907.0,37696.5 +/- 11981.5,37766.8 +/- 12036.4,37816.5 +/- 12076.1
France,3667.0 +/- 0.0,5520.1 +/- 104.5,8127.3 +/- 277.5,11730.9 +/- 575.5,16624.3 +/- 1062.3,23152.4 +/- 1822.7,31708.1 +/- 2965.8,42724.0 +/- 4627.0,56658.3 +/- 6968.6,73973.8 +/- 10177.7,95112.6 +/- 14461.1,120464.9 +/- 20037.4,150335.6 +/- 27125.3,184910.8 +/- 35929.4,224227.3 +/- 46623.1,268148.8 +/- 59332.0,316351.3 +/- 74116.9,368321.3 +/- 90960.4,423367.4 +/- 109757.5,480645.9 +/- 130312.6,539198.7 +/- 152343.1,598000.9 +/- 175489.9,656014.7 +/- 199335.3,712243.6 +/- 223425.1,765783.5 +/- 247294.1,815866.2 +/- 270493.1,861890.6 +/- 292612.9,903441.4 +/- 313305.4,940293.5 +/- 332299.1,972403.1 +/- 349407.0,999888.4 +/- 364529.3,1023001.4 +/- 377647.9,1042095.6 +/- 388817.7
America,2389.0 +/- 0.0,3105.4 +/- 52.1,3999.6 +/- 121.5,5095.9 +/- 225.0,6416.6 +/- 372.8,7979.6 +/- 575.7,9796.9 +/- 844.3,11872.7 +/- 1188.8,14202.2 +/- 1617.9,16770.3 +/- 2137.8,19551.7 +/- 2751.8,22511.2 +/- 3459.4,25604.7 +/- 4255.8,28781.5 +/- 5132.0,31986.5 +/- 6074.9,35162.9 +/- 7067.8,38255.8 +/- 8091.5,41214.2 +/- 9125.1,43994.3 +/- 10147.5,46561.0 +/- 11138.6,48888.8 +/- 12080.4,50962.9 +/- 12957.7,52778.6 +/- 13758.9,54339.9 +/- 14476.7,55659.1 +/- 15107.3,56754.0 +/- 15650.8,57646.9 +/- 16110.3,58362.3 +/- 16491.6,58925.4 +/- 16801.9,59360.9 +/- 17049.7,59691.9 +/- 17244.1,59939.0 +/- 17393.6,60120.5 +/- 17506.4
US,2179.0 +/- 0.0,2837.9 +/- 49.7,3662.3 +/- 115.9,4675.7 +/- 214.8,5899.4 +/- 356.3,7351.3 +/- 551.0,9043.7 +/- 809.4,10981.5 +/- 1141.8,13161.6 +/- 1556.8,15571.1 +/- 2061.1,18187.1 +/- 2658.2,20977.7 +/- 3348.1,23901.9 +/- 4126.6,26912.3 +/- 4985.3,29957.0 +/- 5911.8,32982.1 +/- 6889.9,35935.0 +/- 7901.0,38766.6 +/- 8924.4,41434.3 +/- 9939.4,43903.2 +/- 10925.9,46148.0 +/- 11865.6,48153.1 +/- 12743.1,49912.8 +/- 13546.7,51429.8 +/- 14268.4,52714.6 +/- 14904.1,53783.8 +/- 15453.3,54657.8 +/- 15918.9,55359.9 +/- 16306.0,55913.8 +/- 16622.0,56343.4 +/- 16875.1,56670.6 +/- 17073.9,56915.6 +/- 17227.3,57095.9 +/- 17343.4
Guangdong,1356.0 +/- 0.0,1357.0 +/- 1.0,1358.0 +/- 1.4,1359.0 +/- 1.7,1360.0 +/- 2.0,1361.0 +/- 2.2,1362.0 +/- 2.4,1363.0 +/- 2.6,1364.0 +/- 2.8,1365.0 +/- 3.0,1366.0 +/- 3.2,1367.0 +/- 3.3,1368.0 +/- 3.5,1369.0 +/- 3.6,1370.0 +/- 3.7,1371.0 +/- 3.9,1372.0 +/- 4.0,1373.0 +/- 4.1,1374.0 +/- 4.2,1375.0 +/- 4.4,1376.0 +/- 4.5,1377.0 +/- 4.6,1378.0 +/- 4.7,1379.0 +/- 4.8,1380.0 +/- 4.9,1381.0 +/- 5.0,1382.0 +/- 5.1,1383.0 +/- 5.2,1384.0 +/- 5.3,1385.0 +/- 5.4,1386.0 +/- 5.5,1387.0 +/- 5.6,1388.0 +/- 5.7
FarEast,1302.0 +/- 0.0,1370.5 +/- 13.5,1434.7 +/- 24.7,1494.0 +/- 36.0,1547.8 +/- 47.2,1595.7 +/- 58.2,1637.6 +/- 68.6,1673.8 +/- 78.2,1704.4 +/- 86.9,1729.9 +/- 94.6,1750.9 +/- 101.3,1767.8 +/- 107.0,1781.4 +/- 111.7,1792.0 +/- 115.5,1800.3 +/- 118.6,1806.8 +/- 121.0,1811.8 +/- 122.8,1815.6 +/- 124.2,1818.7 +/- 125.2,1821.1 +/- 125.9,1823.0 +/- 126.5,1824.6 +/- 126.8,1826.1 +/- 127.1,1827.3 +/- 127.2,1828.5 +/- 127.3,1829.6 +/- 127.4,1830.7 +/- 127.5,1831.7 +/- 127.5,1832.7 +/- 127.5,1833.8 +/- 127.5,1834.8 +/- 127.5,1835.8 +/- 127.5,1836.8 +/- 127.5
Henan,1273.0 +/- 0.0,1274.0 +/- 1.0,1275.0 +/- 1.4,1276.0 +/- 1.7,1277.0 +/- 2.0,1278.0 +/- 2.2,1279.0 +/- 2.4,1280.0 +/- 2.6,1281.0 +/- 2.8,1282.0 +/- 3.0,1283.0 +/- 3.2,1284.0 +/- 3.3,1285.0 +/- 3.5,1286.0 +/- 3.6,1287.0 +/- 3.7,1288.0 +/- 3.9,1289.0 +/- 4.0,1290.0 +/- 4.1,1291.0 +/- 4.2,1292.0 +/- 4.4,1293.0 +/- 4.5,1294.0 +/- 4.6,1295.0 +/- 4.7,1296.0 +/- 4.8,1297.0 +/- 4.9,1298.0 +/- 5.0,1299.0 +/- 5.1,1300.0 +/- 5.2,1301.0 +/- 5.3,1302.0 +/- 5.4,1303.0 +/- 5.5,1304.0 +/- 5.6,1305.0 +/- 5.7
Zhejiang,1215.0 +/- 0.0,1216.0 +/- 1.0,1217.0 +/- 1.4,1218.0 +/- 1.7,1219.0 +/- 2.0,1220.0 +/- 2.2,1221.0 +/- 2.4,1222.0 +/- 2.6,1223.0 +/- 2.8,1224.0 +/- 3.0,1225.0 +/- 3.2,1226.0 +/- 3.3,1227.0 +/- 3.5,1228.0 +/- 3.6,1229.0 +/- 3.7,1230.0 +/- 3.9,1231.0 +/- 4.0,1232.0 +/- 4.1,1233.0 +/- 4.2,1234.0 +/- 4.4,1235.0 +/- 4.5,1236.0 +/- 4.6,1237.0 +/- 4.7,1238.0 +/- 4.8,1239.0 +/- 4.9,1240.0 +/- 5.0,1241.0 +/- 5.1,1242.0 +/- 5.2,1243.0 +/- 5.3,1244.0 +/- 5.4,1245.0 +/- 5.5,1246.0 +/- 5.6,1247.0 +/- 5.7
Switzerland,1139.0 +/- 0.0,1842.5 +/- 78.1,2890.1 +/- 225.4,4423.2 +/- 501.6,6627.4 +/- 988.1,9740.9 +/- 1803.1,14061.7 +/- 3112.6,19952.6 +/- 5142.3,27842.9 +/- 8189.0,38225.4 +/- 12630.3,51647.0 +/- 18931.2,68692.2 +/- 27644.5,89958.5 +/- 39403.4,116024.4 +/- 54905.2,0.0 +/- 0.0,0.0 +/- 0.0,0.0 +/- 0.0,0.0 +/- 0.0,0.0 +/- 0.0,0.0 +/- 0.0,0.0 +/- 0.0,0.0 +/- 0.0,0.0 +/- 0.0,0.0 +/- 0.0,0.0 +/- 0.0,0.0 +/- 0.0,0.0 +/- 0.0,0.0 +/- 0.0,0.0 +/- 0.0,0.0 +/- 0.0,0.0 +/- 0.0,0.0 +/- 0.0,0.0 +/- 0.0
Hunan,1018.0 +/- 0.0,1018.0 +/- 0.0,1018.0 +/- 0.0,1018.0 +/- 0.0,1018.0 +/- 0.0,1018.0 +/- 0.0,1018.0 +/- 0.0,1018.0 +/- 0.0,1018.0 +/- 0.0,1018.0 +/- 0.0,1018.0 +/- 0.0,1018.0 +/- 0.0,1018.0 +/- 0.0,1018.0 +/- 0.0,1018.0 +/- 0.0,1018.0 +/- 0.0,1018.0 +/- 0.0,1018.0 +/- 0.0,1018.0 +/- 0.0,1018.0 +/- 0.1,1018.0 +/- 0.1,1018.0 +/- 0.1,1018.0 +/- 0.1,1018.0 +/- 0.1,1018.0 +/- 0.1,1018.0 +/- 0.1,1018.0 +/- 0.1,1018.0 +/- 0.1,1018.0 +/- 0.1,1018.0 +/- 0.1,1018.0 +/- 0.1,1018.0 +/- 0.1,1018.0 +/- 0.1
Norway,996.0 +/- 0.0,1321.2 +/- 42.2,1743.4 +/- 105.7,2282.0 +/- 206.2,2956.9 +/- 357.6,3787.9 +/- 575.8,4793.3 +/- 878.6,5988.2 +/- 1284.8,7383.5 +/- 1813.6,8984.1 +/- 2482.6,10787.9 +/- 3307.2,12785.1 +/- 4298.3,14957.5 +/- 5461.6,17278.9 +/- 6795.7,19715.9 +/- 8291.9,22229.2 +/- 9933.6,24775.7 +/- 11697.0,27310.5 +/- 13551.8,0.0 +/- 0.0,0.0 +/- 0.0,0.0 +/- 0.0,0.0 +/- 0.0,0.0 +/- 0.0,0.0 +/- 0.0,0.0 +/- 0.0,0.0 +/- 0.0,0.0 +/- 0.0,0.0 +/- 0.0,0.0 +/- 0.0,0.0 +/- 0.0,0.0 +/- 0.0,0.0 +/- 0.0,0.0 +/- 0.0
Anhui,990.0 +/- 0.0,991.0 +/- 1.0,992.0 +/- 1.4,993.0 +/- 1.7,994.0 +/- 2.0,995.0 +/- 2.2,996.0 +/- 2.4,997.0 +/- 2.6,998.0 +/- 2.8,999.0 +/- 3.0,1000.0 +/- 3.2,1001.0 +/- 3.3,1002.0 +/- 3.5,1003.0 +/- 3.6,1004.0 +/- 3.7,1005.0 +/- 3.9,1006.0 +/- 4.0,1007.0 +/- 4.1,1008.0 +/- 4.2,1009.0 +/- 4.4,1010.0 +/- 4.5,1011.0 +/- 4.6,1012.0 +/- 4.7,1013.0 +/- 4.8,1014.0 +/- 4.9,1015.0 +/- 5.0,1016.0 +/- 5.1,1017.0 +/- 5.2,1018.0 +/- 5.3,1019.0 +/- 5.4,1020.0 +/- 5.5,1021.0 +/- 5.6,1022.0 +/- 5.7
Jiangxi,935.0 +/- 0.0,935.0 +/- 0.0,935.0 +/- 0.0,935.0 +/- 0.0,935.0 +/- 0.0,935.0 +/- 0.0,935.0 +/- 0.0,935.0 +/- 0.0,935.0 +/- 0.0,935.0 +/- 0.0,935.0 +/- 0.0,935.0 +/- 0.0,935.0 +/- 0.0,935.0 +/- 0.0,935.0 +/- 0.0,935.0 +/- 0.0,935.0 +/- 0.0,935.0 +/- 0.0,935.0 +/- 0.0,935.0 +/- 0.0,935.0 +/- 0.0,935.0 +/- 0.0,935.0 +/- 0.0,935.0 +/- 0.0,935.0 +/- 0.0,935.0 +/- 0.0,935.0 +/- 0.0,935.0 +/- 0.0,935.0 +/- 0.0,935.0 +/- 0.0,935.0 +/- 0.0,935.0 +/- 0.0,935.0 +/- 0.0
Sweden,814.0 +/- 0.0,1043.4 +/- 34.0,1323.3 +/- 80.4,1658.9 +/- 148.1,2054.4 +/- 242.8,2512.2 +/- 370.0,3032.9 +/- 534.8,3614.7 +/- 741.7,4253.3 +/- 993.9,4942.1 +/- 1293.0,5672.0 +/- 1638.6,6431.7 +/- 2028.4,7208.6 +/- 2457.7,7989.2 +/- 2919.8,8759.7 +/- 3406.5,9506.8 +/- 3907.9,10218.5 +/- 4413.7,10884.6 +/- 4913.4,11497.1 +/- 5397.1,12050.4 +/- 5855.9,0.0 +/- 0.0,0.0 +/- 0.0,0.0 +/- 0.0,0.0 +/- 0.0,0.0 +/- 0.0,0.0 +/- 0.0,0.0 +/- 0.0,0.0 +/- 0.0,0.0 +/- 0.0,0.0 +/- 0.0,0.0 +/- 0.0,0.0 +/- 0.0,0.0 +/- 0.0
Netherlands,804.0 +/- 0.0,1163.4 +/- 55.1,1636.2 +/- 142.9,2247.6 +/- 284.0,3024.2 +/- 498.9,3993.6 +/- 812.4,5182.2 +/- 1252.7,6614.2 +/- 1850.7,8309.0 +/- 2638.9,10279.7 +/- 3648.8,12530.9 +/- 4909.5,15057.3 +/- 6444.5,17842.6 +/- 8269.4,20859.5 +/- 10389.8,0.0 +/- 0.0,0.0 +/- 0.0,0.0 +/- 0.0,0.0 +/- 0.0,0.0 +/- 0.0,0.0 +/- 0.0,0.0 +/- 0.0,0.0 +/- 0.0,0.0 +/- 0.0,0.0 +/- 0.0,0.0 +/- 0.0,0.0 +/- 0.0,0.0 +/- 0.0,0.0 +/- 0.0,0.0 +/- 0.0,0.0 +/- 0.0,0.0 +/- 0.0,0.0 +/- 0.0,0.0 +/- 0.0
Denmark,804.0 +/- 0.0,1073.4 +/- 34.2,1393.8 +/- 79.0,1762.5 +/- 142.4,2172.9 +/- 226.8,2615.1 +/- 333.0,3075.9 +/- 459.8,3540.6 +/- 604.0,3994.1 +/- 760.8,4422.3 +/- 924.1,4813.4 +/- 1087.1,5159.2 +/- 1243.6,5454.8 +/- 1387.9,5699.5 +/- 1516.0,5895.4 +/- 1625.6,6047.2 +/- 1715.9,6160.9 +/- 1787.7,6243.4 +/- 1842.7,6301.3 +/- 1883.3,6340.6 +/- 1912.3,6366.5 +/- 1932.2,6382.9 +/- 1945.5,6393.0 +/- 1954.0,6399.0 +/- 1959.3,6402.4 +/- 1962.5,6404.4 +/- 1964.3,6405.4 +/- 1965.3,6406.0 +/- 1965.9,6406.2 +/- 1966.2,6406.4 +/- 1966.3,6406.4 +/- 1966.4,6406.5 +/- 1966.4,6406.5 +/- 1966.5
United Kingdom,801.0 +/- 0.0,1282.5 +/- 80.6,2014.5 +/- 245.5,3108.3 +/- 566.9,4714.2 +/- 1150.6,7030.4 +/- 2155.4,10312.8 +/- 3810.9,14882.8 +/- 6438.9,21133.5 +/- 10476.2,0.0 +/- 0.0,0.0 +/- 0.0,0.0 +/- 0.0,0.0 +/- 0.0,0.0 +/- 0.0,0.0 +/- 0.0,0.0 +/- 0.0,0.0 +/- 0.0,0.0 +/- 0.0,0.0 +/- 0.0,0.0 +/- 0.0,0.0 +/- 0.0,0.0 +/- 0.0,0.0 +/- 0.0,0.0 +/- 0.0,0.0 +/- 0.0,0.0 +/- 0.0,0.0 +/- 0.0,0.0 +/- 0.0,0.0 +/- 0.0,0.0 +/- 0.0,0.0 +/- 0.0,0.0 +/- 0.0,0.0 +/- 0.0
Shandong,760.0 +/- 0.0,760.0 +/- 0.0,760.0 +/- 0.0,760.0 +/- 0.0,760.0 +/- 0.0,760.0 +/- 0.0,760.0 +/- 0.1,760.0 +/- 0.1,760.0 +/- 0.1,760.0 +/- 0.1,760.0 +/- 0.1,760.0 +/- 0.1,760.0 +/- 0.1,760.0 +/- 0.1,760.0 +/- 0.1,760.0 +/- 0.1,760.0 +/- 0.1,760.0 +/- 0.2,760.0 +/- 0.2,760.0 +/- 0.2,760.0 +/- 0.2,760.0 +/- 0.2,760.0 +/- 0.2,760.0 +/- 0.2,760.0 +/- 0.2,760.0 +/- 0.2,760.0 +/- 0.2,760.0 +/- 0.2,760.0 +/- 0.3,760.0 +/- 0.3,760.0 +/- 0.3,760.0 +/- 0.3,760.0 +/- 0.3
Diamond Princess,742.0 +/- 0.0,742.0 +/- 0.0,742.0 +/- 0.0,742.0 +/- 0.0,742.0 +/- 0.0,742.0 +/- 0.0,742.0 +/- 0.0,742.0 +/- 0.0,742.0 +/- 0.0,742.0 +/- 0.0,742.0 +/- 0.0,742.0 +/- 0.0,742.0 +/- 0.0,742.0 +/- 0.0,742.0 +/- 0.0,742.0 +/- 0.0,742.0 +/- 0.0,742.0 +/- 0.0,742.0 +/- 0.0,742.0 +/- 0.0,742.0 +/- 0.0,742.0 +/- 0.0,742.0 +/- 0.0,742.0 +/- 0.0,742.0 +/- 0.0,742.0 +/- 0.0,742.0 +/- 0.0,742.0 +/- 0.0,742.0 +/- 0.0,742.0 +/- 0.0,742.0 +/- 0.0,742.0 +/- 0.0,742.0 +/- 0.0
Japan,701.0 +/- 0.0,741.9 +/- 13.7,780.0 +/- 26.4,815.0 +/- 39.3,846.6 +/- 52.1,874.7 +/- 64.4,899.2 +/- 76.0,920.2 +/- 86.7,938.0 +/- 96.3,952.8 +/- 104.7,964.9 +/- 112.0,974.8 +/- 118.1,982.8 +/- 123.1,989.1 +/- 127.2,994.1 +/- 130.5,998.0 +/- 133.0,1001.2 +/- 134.9,1003.7 +/- 136.3,1005.8 +/- 137.3,1007.5 +/- 138.1,1009.0 +/- 138.6,1010.4 +/- 139.0,1011.6 +/- 139.2,1012.7 +/- 139.4,1013.8 +/- 139.5,1014.9 +/- 139.6,1015.9 +/- 139.6,1016.9 +/- 139.6,1017.9 +/- 139.7,1019.0 +/- 139.7,1020.0 +/- 139.7,1021.0 +/- 139.7,1022.0 +/- 139.7
Cruise Ship,696.0 +/- 0.0,696.0 +/- 0.0,696.0 +/- 0.0,696.0 +/- 0.0,696.0 +/- 0.0,696.0 +/- 0.0,696.0 +/- 0.0,696.0 +/- 0.0,696.0 +/- 0.0,696.0 +/- 0.0,696.0 +/- 0.0,696.0 +/- 0.0,696.0 +/- 0.0,696.0 +/- 0.0,696.0 +/- 0.0,696.0 +/- 0.0,696.0 +/- 0.0,696.0 +/- 0.0,696.0 +/- 0.0,696.0 +/- 0.0,696.0 +/- 0.0,696.0 +/- 0.0,696.0 +/- 0.0,696.0 +/- 0.0,696.0 +/- 0.0,696.0 +/- 0.0,696.0 +/- 0.0,696.0 +/- 0.0,696.0 +/- 0.0,696.0 +/- 0.0,696.0 +/- 0.0,696.0 +/- 0.0,696.0 +/- 0.0
Jiangsu,631.0 +/- 0.0,631.0 +/- 0.0,631.0 +/- 0.0,631.0 +/- 0.0,631.0 +/- 0.0,631.0 +/- 0.0,631.0 +/- 0.0,631.0 +/- 0.0,631.0 +/- 0.0,631.0 +/- 0.0,631.0 +/- 0.0,631.0 +/- 0.0,631.0 +/- 0.0,631.0 +/- 0.0,631.0 +/- 0.0,631.0 +/- 0.0,631.0 +/- 0.0,631.0 +/- 0.0,631.0 +/- 0.0,631.0 +/- 0.0,631.0 +/- 0.0,631.0 +/- 0.0,631.0 +/- 0.0,631.0 +/- 0.0,631.0 +/- 0.0,631.0 +/- 0.0,631.0 +/- 0.0,631.0 +/- 0.0,631.0 +/- 0.0,631.0 +/- 0.0,631.0 +/- 0.0,631.0 +/- 0.0,631.0 +/- 0.0
Chongqing,576.0 +/- 0.0,577.0 +/- 1.0,578.0 +/- 1.4,579.0 +/- 1.7,580.0 +/- 2.0,581.0 +/- 2.2,582.0 +/- 2.4,583.0 +/- 2.6,584.0 +/- 2.8,585.0 +/- 3.0,586.0 +/- 3.2,587.0 +/- 3.3,588.0 +/- 3.5,589.0 +/- 3.6,590.0 +/- 3.7,591.0 +/- 3.9,592.0 +/- 4.0,593.0 +/- 4.1,594.0 +/- 4.2,595.0 +/- 4.4,596.0 +/- 4.5,597.0 +/- 4.6,598.0 +/- 4.7,599.0 +/- 4.8,600.0 +/- 4.9,601.0 +/- 5.0,602.0 +/- 5.1,603.0 +/- 5.2,604.0 +/- 5.3,605.0 +/- 5.4,606.0 +/- 5.5,607.0 +/- 5.6,608.0 +/- 5.7
Washington,0.0 +/- 0.0,0.0 +/- 0.0,0.0 +/- 0.0,0.0 +/- 0.0,0.0 +/- 0.0,0.0 +/- 0.0,0.0 +/- 0.0,0.0 +/- 0.0,0.0 +/- 0.0,0.0 +/- 0.0,0.0 +/- 0.0,0.0 +/- 0.0,0.0 +/- 0.0,0.0 +/- 0.0,0.0 +/- 0.0,0.0 +/- 0.0,0.0 +/- 0.0,0.0 +/- 0.0,0.0 +/- 0.0,0.0 +/- 0.0,0.0 +/- 0.0,0.0 +/- 0.0,0.0 +/- 0.0,0.0 +/- 0.0,0.0 +/- 0.0,0.0 +/- 0.0,0.0 +/- 0.0,0.0 +/- 0.0,0.0 +/- 0.0,0.0 +/- 0.0,0.0 +/- 0.0,0.0 +/- 0.0,0.0 +/- 0.0
Belgium,559.0 +/- 0.0,952.6 +/- 83.9,1611.4 +/- 284.6,2695.4 +/- 727.2,4447.8 +/- 1627.9,7231.6 +/- 3354.7,0.0 +/- 0.0,0.0 +/- 0.0,0.0 +/- 0.0,0.0 +/- 0.0,0.0 +/- 0.0,0.0 +/- 0.0,0.0 +/- 0.0,0.0 +/- 0.0,0.0 +/- 0.0,0.0 +/- 0.0,0.0 +/- 0.0,0.0 +/- 0.0,0.0 +/- 0.0,0.0 +/- 0.0,0.0 +/- 0.0,0.0 +/- 0.0,0.0 +/- 0.0,0.0 +/- 0.0,0.0 +/- 0.0,0.0 +/- 0.0,0.0 +/- 0.0,0.0 +/- 0.0,0.0 +/- 0.0,0.0 +/- 0.0,0.0 +/- 0.0,0.0 +/- 0.0,0.0 +/- 0.0
Sichuan,539.0 +/- 0.0,540.0 +/- 1.0,541.0 +/- 1.4,542.0 +/- 1.7,543.0 +/- 2.0,544.0 +/- 2.2,545.0 +/- 2.4,546.0 +/- 2.6,547.0 +/- 2.8,548.0 +/- 3.0,549.0 +/- 3.2,550.0 +/- 3.3,551.0 +/- 3.5,552.0 +/- 3.6,553.0 +/- 3.7,554.0 +/- 3.9,555.0 +/- 4.0,556.0 +/- 4.1,557.0 +/- 4.2,558.0 +/- 4.4,559.0 +/- 4.5,560.0 +/- 4.6,561.0 +/- 4.7,562.0 +/- 4.8,563.0 +/- 4.9,564.0 +/- 5.0,565.0 +/- 5.1,566.0 +/- 5.2,567.0 +/- 5.3,568.0 +/- 5.4,569.0 +/- 5.5,570.0 +/- 5.6,571.0 +/- 5.7
Austria,504.0 +/- 0.0,749.3 +/- 66.6,1119.7 +/- 207.3,1669.3 +/- 482.7,2470.8 +/- 982.8,0.0 +/- 0.0,0.0 +/- 0.0,0.0 +/- 0.0,0.0 +/- 0.0,0.0 +/- 0.0,0.0 +/- 0.0,0.0 +/- 0.0,0.0 +/- 0.0,0.0 +/- 0.0,0.0 +/- 0.0,0.0 +/- 0.0,0.0 +/- 0.0,0.0 +/- 0.0,0.0 +/- 0.0,0.0 +/- 0.0,0.0 +/- 0.0,0.0 +/- 0.0,0.0 +/- 0.0,0.0 +/- 0.0,0.0 +/- 0.0,0.0 +/- 0.0,0.0 +/- 0.0,0.0 +/- 0.0,0.0 +/- 0.0,0.0 +/- 0.0,0.0 +/- 0.0,0.0 +/- 0.0,0.0 +/- 0.0
Heilongjiang,482.0 +/- 0.0,483.0 +/- 1.0,484.0 +/- 1.4,485.0 +/- 1.7,486.0 +/- 2.0,487.0 +/- 2.2,488.0 +/- 2.4,489.0 +/- 2.6,490.0 +/- 2.8,491.0 +/- 3.0,492.0 +/- 3.2,493.0 +/- 3.3,494.0 +/- 3.5,495.0 +/- 3.6,496.0 +/- 3.7,497.0 +/- 3.9,498.0 +/- 4.0,499.0 +/- 4.1,500.0 +/- 4.2,501.0 +/- 4.4,502.0 +/- 4.5,503.0 +/- 4.6,504.0 +/- 4.7,505.0 +/- 4.8,506.0 +/- 4.9,507.0 +/- 5.0,508.0 +/- 5.1,509.0 +/- 5.2,510.0 +/- 5.3,511.0 +/- 5.4,512.0 +/- 5.5,513.0 +/- 5.6,514.0 +/- 5.7
Beijing,436.0 +/- 0.0,437.0 +/- 1.0,438.0 +/- 1.4,439.0 +/- 1.7,440.0 +/- 2.0,441.0 +/- 2.2,442.0 +/- 2.4,443.0 +/- 2.6,444.0 +/- 2.8,445.0 +/- 3.0,446.0 +/- 3.2,447.0 +/- 3.3,448.0 +/- 3.5,449.0 +/- 3.6,450.0 +/- 3.7,451.0 +/- 3.9,452.0 +/- 4.0,453.0 +/- 4.1,454.0 +/- 4.2,455.0 +/- 4.4,456.0 +/- 4.5,457.0 +/- 4.6,458.0 +/- 4.7,459.0 +/- 4.8,460.0 +/- 4.9,461.0 +/- 5.0,462.0 +/- 5.1,463.0 +/- 5.2,464.0 +/- 5.3,465.0 +/- 5.4,466.0 +/- 5.5,467.0 +/- 5.6,468.0 +/- 5.7
New York,0.0 +/- 0.0,0.0 +/- 0.0,0.0 +/- 0.0,0.0 +/- 0.0,0.0 +/- 0.0,0.0 +/- 0.0,0.0 +/- 0.0,0.0 +/- 0.0,0.0 +/- 0.0,0.0 +/- 0.0,0.0 +/- 0.0,0.0 +/- 0.0,0.0 +/- 0.0,0.0 +/- 0.0,0.0 +/- 0.0,0.0 +/- 0.0,0.0 +/- 0.0,0.0 +/- 0.0,0.0 +/- 0.0,0.0 +/- 0.0,0.0 +/- 0.0,0.0 +/- 0.0,0.0 +/- 0.0,0.0 +/- 0.0,0.0 +/- 0.0,0.0 +/- 0.0,0.0 +/- 0.0,0.0 +/- 0.0,0.0 +/- 0.0,0.0 +/- 0.0,0.0 +/- 0.0,0.0 +/- 0.0,0.0 +/- 0.0
Shanghai,346.0 +/- 0.0,347.0 +/- 1.0,348.0 +/- 1.4,349.0 +/- 1.7,350.0 +/- 2.0,351.0 +/- 2.2,352.0 +/- 2.4,353.0 +/- 2.6,354.0 +/- 2.8,355.0 +/- 3.0,356.0 +/- 3.2,357.0 +/- 3.3,358.0 +/- 3.5,359.0 +/- 3.6,360.0 +/- 3.7,361.0 +/- 3.9,362.0 +/- 4.0,363.0 +/- 4.1,364.0 +/- 4.2,365.0 +/- 4.4,366.0 +/- 4.5,367.0 +/- 4.6,368.0 +/- 4.7,369.0 +/- 4.8,370.0 +/- 4.9,371.0 +/- 5.0,372.0 +/- 5.1,373.0 +/- 5.2,374.0 +/- 5.3,375.0 +/- 5.4,376.0 +/- 5.5,377.0 +/- 5.6,378.0 +/- 5.7
Qatar,320.0 +/- 0.0,423.1 +/- 29.0,552.8 +/- 71.9,710.5 +/- 136.3,896.2 +/- 227.0,1107.6 +/- 347.9,1340.6 +/- 501.0,1589.1 +/- 685.4,1845.4 +/- 897.8,0.0 +/- 0.0,0.0 +/- 0.0,0.0 +/- 0.0,0.0 +/- 0.0,0.0 +/- 0.0,0.0 +/- 0.0,0.0 +/- 0.0,0.0 +/- 0.0,0.0 +/- 0.0,0.0 +/- 0.0,0.0 +/- 0.0,0.0 +/- 0.0,0.0 +/- 0.0,0.0 +/- 0.0,0.0 +/- 0.0,0.0 +/- 0.0,0.0 +/- 0.0,0.0 +/- 0.0,0.0 +/- 0.0,0.0 +/- 0.0,0.0 +/- 0.0,0.0 +/- 0.0,0.0 +/- 0.0,0.0 +/- 0.0
Hebei,318.0 +/- 0.0,319.0 +/- 1.0,320.0 +/- 1.4,321.0 +/- 1.7,322.0 +/- 2.0,323.0 +/- 2.2,324.0 +/- 2.4,325.0 +/- 2.6,326.0 +/- 2.8,327.0 +/- 3.0,328.0 +/- 3.2,329.0 +/- 3.3,330.0 +/- 3.5,331.0 +/- 3.6,332.0 +/- 3.7,333.0 +/- 3.9,334.0 +/- 4.0,335.0 +/- 4.1,336.0 +/- 4.2,337.0 +/- 4.4,338.0 +/- 4.5,339.0 +/- 4.6,340.0 +/- 4.7,341.0 +/- 4.8,342.0 +/- 4.9,343.0 +/- 5.0,344.0 +/- 5.1,345.0 +/- 5.2,346.0 +/- 5.3,347.0 +/- 5.4,348.0 +/- 5.5,349.0 +/- 5.6,350.0 +/- 5.7
Fujian,296.0 +/- 0.0,297.0 +/- 1.0,298.0 +/- 1.4,299.0 +/- 1.7,300.0 +/- 2.0,301.0 +/- 2.2,302.0 +/- 2.5,303.0 +/- 2.7,304.0 +/- 2.8,305.0 +/- 3.0,306.0 +/- 3.2,307.0 +/- 3.3,308.0 +/- 3.5,309.0 +/- 3.6,310.0 +/- 3.8,311.0 +/- 3.9,312.0 +/- 4.0,313.0 +/- 4.2,314.0 +/- 4.3,315.0 +/- 4.4,316.0 +/- 4.5,317.0 +/- 4.6,318.0 +/- 4.7,319.0 +/- 4.8,320.0 +/- 5.0,321.0 +/- 5.1,322.0 +/- 5.2,323.0 +/- 5.3,324.0 +/- 5.4,325.0 +/- 5.5,326.0 +/- 5.6,327.0 +/- 5.6,328.0 +/- 5.7
California,0.0 +/- 0.0,0.0 +/- 0.0,0.0 +/- 0.0,0.0 +/- 0.0,0.0 +/- 0.0,0.0 +/- 0.0,0.0 +/- 0.0,0.0 +/- 0.0,0.0 +/- 0.0,0.0 +/- 0.0,0.0 +/- 0.0,0.0 +/- 0.0,0.0 +/- 0.0,0.0 +/- 0.0,0.0 +/- 0.0,0.0 +/- 0.0,0.0 +/- 0.0,0.0 +/- 0.0,0.0 +/- 0.0,0.0 +/- 0.0,0.0 +/- 0.0,0.0 +/- 0.0,0.0 +/- 0.0,0.0 +/- 0.0,0.0 +/- 0.0,0.0 +/- 0.0,0.0 +/- 0.0,0.0 +/- 0.0,0.0 +/- 0.0,0.0 +/- 0.0,0.0 +/- 0.0,0.0 +/- 0.0,0.0 +/- 0.0
Guangxi,252.0 +/- 0.0,253.0 +/- 1.0,254.0 +/- 1.4,255.0 +/- 1.7,256.0 +/- 2.0,257.0 +/- 2.2,258.0 +/- 2.4,259.0 +/- 2.6,260.0 +/- 2.8,261.0 +/- 3.0,262.0 +/- 3.2,263.0 +/- 3.3,264.0 +/- 3.5,265.0 +/- 3.6,266.0 +/- 3.7,267.0 +/- 3.9,268.0 +/- 4.0,269.0 +/- 4.1,270.0 +/- 4.2,271.0 +/- 4.4,272.0 +/- 4.5,273.0 +/- 4.6,274.0 +/- 4.7,275.0 +/- 4.8,276.0 +/- 4.9,277.0 +/- 5.0,278.0 +/- 5.1,279.0 +/- 5.2,280.0 +/- 5.3,281.0 +/- 5.4,282.0 +/- 5.5,283.0 +/- 5.6,284.0 +/- 5.7
Shaanxi,245.0 +/- 0.0,246.0 +/- 1.0,247.0 +/- 1.4,248.0 +/- 1.7,249.0 +/- 2.0,250.0 +/- 2.2,251.0 +/- 2.4,252.0 +/- 2.6,253.0 +/- 2.8,254.0 +/- 3.0,255.0 +/- 3.2,256.0 +/- 3.3,257.0 +/- 3.5,258.0 +/- 3.6,259.0 +/- 3.7,260.0 +/- 3.9,261.0 +/- 4.0,262.0 +/- 4.1,263.0 +/- 4.2,264.0 +/- 4.4,265.0 +/- 4.5,266.0 +/- 4.6,267.0 +/- 4.7,268.0 +/- 4.8,269.0 +/- 4.9,270.0 +/- 5.0,271.0 +/- 5.1,272.0 +/- 5.2,273.0 +/- 5.3,274.0 +/- 5.4,275.0 +/- 5.5,276.0 +/- 5.6,277.0 +/- 5.7
Singapore,200.0 +/- 0.0,221.6 +/- 16.4,244.3 +/- 35.9,267.7 +/- 59.3,291.7 +/- 86.6,315.6 +/- 117.3,339.1 +/- 151.0,0.0 +/- 0.0,0.0 +/- 0.0,0.0 +/- 0.0,0.0 +/- 0.0,0.0 +/- 0.0,0.0 +/- 0.0,0.0 +/- 0.0,0.0 +/- 0.0,0.0 +/- 0.0,0.0 +/- 0.0,0.0 +/- 0.0,0.0 +/- 0.0,0.0 +/- 0.0,0.0 +/- 0.0,0.0 +/- 0.0,0.0 +/- 0.0,0.0 +/- 0.0,0.0 +/- 0.0,0.0 +/- 0.0,0.0 +/- 0.0,0.0 +/- 0.0,0.0 +/- 0.0,0.0 +/- 0.0,0.0 +/- 0.0,0.0 +/- 0.0,0.0 +/- 0.0
Australia,200.0 +/- 0.0,305.7 +/- 45.7,464.6 +/- 139.6,699.5 +/- 321.6,0.0 +/- 0.0,0.0 +/- 0.0,0.0 +/- 0.0,0.0 +/- 0.0,0.0 +/- 0.0,0.0 +/- 0.0,0.0 +/- 0.0,0.0 +/- 0.0,0.0 +/- 0.0,0.0 +/- 0.0,0.0 +/- 0.0,0.0 +/- 0.0,0.0 +/- 0.0,0.0 +/- 0.0,0.0 +/- 0.0,0.0 +/- 0.0,0.0 +/- 0.0,0.0 +/- 0.0,0.0 +/- 0.0,0.0 +/- 0.0,0.0 +/- 0.0,0.0 +/- 0.0,0.0 +/- 0.0,0.0 +/- 0.0,0.0 +/- 0.0,0.0 +/- 0.0,0.0 +/- 0.0,0.0 +/- 0.0,0.0 +/- 0.0
Malaysia,197.0 +/- 0.0,240.8 +/- 30.3,291.1 +/- 73.4,347.9 +/- 132.5,0.0 +/- 0.0,0.0 +/- 0.0,0.0 +/- 0.0,0.0 +/- 0.0,0.0 +/- 0.0,0.0 +/- 0.0,0.0 +/- 0.0,0.0 +/- 0.0,0.0 +/- 0.0,0.0 +/- 0.0,0.0 +/- 0.0,0.0 +/- 0.0,0.0 +/- 0.0,0.0 +/- 0.0,0.0 +/- 0.0,0.0 +/- 0.0,0.0 +/- 0.0,0.0 +/- 0.0,0.0 +/- 0.0,0.0 +/- 0.0,0.0 +/- 0.0,0.0 +/- 0.0,0.0 +/- 0.0,0.0 +/- 0.0,0.0 +/- 0.0,0.0 +/- 0.0,0.0 +/- 0.0,0.0 +/- 0.0,0.0 +/- 0.0
Canada,193.0 +/- 0.0,540.5 +/- 98.0,2004.3 +/- 602.1,8009.9 +/- 3194.4,31973.0 +/- 15818.5,0.0 +/- 0.0,0.0 +/- 0.0,0.0 +/- 0.0,0.0 +/- 0.0,0.0 +/- 0.0,0.0 +/- 0.0,0.0 +/- 0.0,0.0 +/- 0.0,0.0 +/- 0.0,0.0 +/- 0.0,0.0 +/- 0.0,0.0 +/- 0.0,0.0 +/- 0.0,0.0 +/- 0.0,0.0 +/- 0.0,0.0 +/- 0.0,0.0 +/- 0.0,0.0 +/- 0.0,0.0 +/- 0.0,0.0 +/- 0.0,0.0 +/- 0.0,0.0 +/- 0.0,0.0 +/- 0.0,0.0 +/- 0.0,0.0 +/- 0.0,0.0 +/- 0.0,0.0 +/- 0.0,0.0 +/- 0.0
Greece,190.0 +/- 0.0,386.5 +/- 92.0,803.6 +/- 310.0,0.0 +/- 0.0,0.0 +/- 0.0,0.0 +/- 0.0,0.0 +/- 0.0,0.0 +/- 0.0,0.0 +/- 0.0,0.0 +/- 0.0,0.0 +/- 0.0,0.0 +/- 0.0,0.0 +/- 0.0,0.0 +/- 0.0,0.0 +/- 0.0,0.0 +/- 0.0,0.0 +/- 0.0,0.0 +/- 0.0,0.0 +/- 0.0,0.0 +/- 0.0,0.0 +/- 0.0,0.0 +/- 0.0,0.0 +/- 0.0,0.0 +/- 0.0,0.0 +/- 0.0,0.0 +/- 0.0,0.0 +/- 0.0,0.0 +/- 0.0,0.0 +/- 0.0,0.0 +/- 0.0,0.0 +/- 0.0,0.0 +/- 0.0,0.0 +/- 0.0
Bahrain,189.0 +/- 0.0,8907.2 +/- 3366.0,46457.7 +/- 20954.4,0.0 +/- 0.0,0.0 +/- 0.0,0.0 +/- 0.0,0.0 +/- 0.0,0.0 +/- 0.0,0.0 +/- 0.0,0.0 +/- 0.0,0.0 +/- 0.0,0.0 +/- 0.0,0.0 +/- 0.0,0.0 +/- 0.0,0.0 +/- 0.0,0.0 +/- 0.0,0.0 +/- 0.0,0.0 +/- 0.0,0.0 +/- 0.0,0.0 +/- 0.0,0.0 +/- 0.0,0.0 +/- 0.0,0.0 +/- 0.0,0.0 +/- 0.0,0.0 +/- 0.0,0.0 +/- 0.0,0.0 +/- 0.0,0.0 +/- 0.0,0.0 +/- 0.0,0.0 +/- 0.0,0.0 +/- 0.0,0.0 +/- 0.0,0.0 +/- 0.0
Yunnan,174.0 +/- 0.0,175.0 +/- 1.0,176.0 +/- 1.4,177.0 +/- 1.7,178.0 +/- 2.0,179.0 +/- 2.2,180.0 +/- 2.4,181.0 +/- 2.6,182.0 +/- 2.8,183.0 +/- 3.0,184.0 +/- 3.2,185.0 +/- 3.3,186.0 +/- 3.5,187.0 +/- 3.6,188.0 +/- 3.7,189.0 +/- 3.9,190.0 +/- 4.0,191.0 +/- 4.1,192.0 +/- 4.2,193.0 +/- 4.4,194.0 +/- 4.5,195.0 +/- 4.6,196.0 +/- 4.7,197.0 +/- 4.8,198.0 +/- 4.9,199.0 +/- 5.0,200.0 +/- 5.1,201.0 +/- 5.2,202.0 +/- 5.3,203.0 +/- 5.4,204.0 +/- 5.5,205.0 +/- 5.6,206.0 +/- 5.7
Hainan,168.0 +/- 0.0,169.0 +/- 1.0,170.0 +/- 1.4,171.0 +/- 1.7,172.0 +/- 2.0,173.0 +/- 2.2,174.0 +/- 2.4,175.0 +/- 2.6,176.0 +/- 2.8,177.0 +/- 3.0,178.0 +/- 3.2,179.0 +/- 3.3,180.0 +/- 3.5,181.0 +/- 3.6,182.0 +/- 3.7,183.0 +/- 3.9,184.0 +/- 4.0,185.0 +/- 4.1,186.0 +/- 4.2,187.0 +/- 4.4,188.0 +/- 4.5,189.0 +/- 4.6,190.0 +/- 4.7,191.0 +/- 4.8,192.0 +/- 4.9,193.0 +/- 5.0,194.0 +/- 5.1,195.0 +/- 5.2,196.0 +/- 5.3,197.0 +/- 5.4,198.0 +/- 5.5,199.0 +/- 5.6,200.0 +/- 5.7
Israel,161.0 +/- 0.0,190.4 +/- 16.3,219.9 +/- 35.8,248.7 +/- 59.3,275.8 +/- 86.0,300.5 +/- 114.8,322.4 +/- 144.3,0.0 +/- 0.0,0.0 +/- 0.0,0.0 +/- 0.0,0.0 +/- 0.0,0.0 +/- 0.0,0.0 +/- 0.0,0.0 +/- 0.0,0.0 +/- 0.0,0.0 +/- 0.0,0.0 +/- 0.0,0.0 +/- 0.0,0.0 +/- 0.0,0.0 +/- 0.0,0.0 +/- 0.0,0.0 +/- 0.0,0.0 +/- 0.0,0.0 +/- 0.0,0.0 +/- 0.0,0.0 +/- 0.0,0.0 +/- 0.0,0.0 +/- 0.0,0.0 +/- 0.0,0.0 +/- 0.0,0.0 +/- 0.0,0.0 +/- 0.0,0.0 +/- 0.0
Finland,155.0 +/- 0.0,357.5 +/- 61.8,771.7 +/- 243.1,1605.2 +/- 741.8,0.0 +/- 0.0,0.0 +/- 0.0,0.0 +/- 0.0,0.0 +/- 0.0,0.0 +/- 0.0,0.0 +/- 0.0,0.0 +/- 0.0,0.0 +/- 0.0,0.0 +/- 0.0,0.0 +/- 0.0,0.0 +/- 0.0,0.0 +/- 0.0,0.0 +/- 0.0,0.0 +/- 0.0,0.0 +/- 0.0,0.0 +/- 0.0,0.0 +/- 0.0,0.0 +/- 0.0,0.0 +/- 0.0,0.0 +/- 0.0,0.0 +/- 0.0,0.0 +/- 0.0,0.0 +/- 0.0,0.0 +/- 0.0,0.0 +/- 0.0,0.0 +/- 0.0,0.0 +/- 0.0,0.0 +/- 0.0,0.0 +/- 0.0
Brazil,151.0 +/- 0.0,835.9 +/- 26.2,4893.3 +/- 68.9,28176.7 +/- 167.4,157495.7 +/- 396.7,852583.7 +/- 923.3,4468074.1 +/- 2113.7,22666892.7 +/- 4761.0,111314607.5 +/- 10550.6,529183812.4 +/- 23004.0,2435354629.5 +/- 49349.3,10849927090.8 +/- 104163.0,46795982739.1 +/- 216323.8,195396232009.6 +/- 442036.5,789876026013.6 +/- 888749.7,3091339441521.8 +/- 1758220.5,11713589672898.0 +/- 3422512.2,42973439485793.5 +/- 6555413.0,152647270716662.8 +/- 12355050.4,525012524218494.6 +/- 22913151.8,1748460281327556.8 +/- 41814594.1,5638481700881619.0 +/- 75089824.2,17607787802678396.0 +/- 132694339.8,53247689978948024.0 +/- 230754609.9,155943969305367712.0 +/- 394897416.2,442311461901323712.0 +/- 665065005.8,1215069706428654336.0 +/- 1102302003.3,3233039303153894912.0 +/- 1798065433.5,8332646747249230848.0 +/- 2886632423.3,20803901242074861568.0 +/- 4561129382.3,50318366079113543680.0 +/- 7093543971.7,117912835663472902144.0 +/- 10858767686.2,267722212518225051648.0 +/- 16362219058.5
Guizhou,146.0 +/- 0.0,146.0 +/- 0.0,146.0 +/- 0.0,146.0 +/- 0.0,146.0 +/- 0.0,146.0 +/- 0.0,146.0 +/- 0.0,146.0 +/- 0.0,146.0 +/- 0.0,146.0 +/- 0.0,146.0 +/- 0.0,146.0 +/- 0.0,146.0 +/- 0.0,146.0 +/- 0.0,146.0 +/- 0.0,146.0 +/- 0.0,146.0 +/- 0.0,146.0 +/- 0.0,146.0 +/- 0.0,146.0 +/- 0.0,146.0 +/- 0.0,146.0 +/- 0.0,146.0 +/- 0.0,146.0 +/- 0.0,146.0 +/- 0.0,146.0 +/- 0.0,146.0 +/- 0.0,146.0 +/- 0.0,146.0 +/- 0.0,146.0 +/- 0.0,146.0 +/- 0.0,146.0 +/- 0.0,146.0 +/- 0.0
Slovenia,141.0 +/- 0.0,212.3 +/- 43.7,311.5 +/- 116.7,0.0 +/- 0.0,0.0 +/- 0.0,0.0 +/- 0.0,0.0 +/- 0.0,0.0 +/- 0.0,0.0 +/- 0.0,0.0 +/- 0.0,0.0 +/- 0.0,0.0 +/- 0.0,0.0 +/- 0.0,0.0 +/- 0.0,0.0 +/- 0.0,0.0 +/- 0.0,0.0 +/- 0.0,0.0 +/- 0.0,0.0 +/- 0.0,0.0 +/- 0.0,0.0 +/- 0.0,0.0 +/- 0.0,0.0 +/- 0.0,0.0 +/- 0.0,0.0 +/- 0.0,0.0 +/- 0.0,0.0 +/- 0.0,0.0 +/- 0.0,0.0 +/- 0.0,0.0 +/- 0.0,0.0 +/- 0.0,0.0 +/- 0.0,0.0 +/- 0.0
Czechia,141.0 +/- 0.0,176.5 +/- 22.8,218.8 +/- 57.5,268.4 +/- 108.6,0.0 +/- 0.0,0.0 +/- 0.0,0.0 +/- 0.0,0.0 +/- 0.0,0.0 +/- 0.0,0.0 +/- 0.0,0.0 +/- 0.0,0.0 +/- 0.0,0.0 +/- 0.0,0.0 +/- 0.0,0.0 +/- 0.0,0.0 +/- 0.0,0.0 +/- 0.0,0.0 +/- 0.0,0.0 +/- 0.0,0.0 +/- 0.0,0.0 +/- 0.0,0.0 +/- 0.0,0.0 +/- 0.0,0.0 +/- 0.0,0.0 +/- 0.0,0.0 +/- 0.0,0.0 +/- 0.0,0.0 +/- 0.0,0.0 +/- 0.0,0.0 +/- 0.0,0.0 +/- 0.0,0.0 +/- 0.0,0.0 +/- 0.0
Tianjin,136.0 +/- 0.0,137.0 +/- 1.0,138.0 +/- 1.4,139.0 +/- 1.7,140.0 +/- 2.0,141.0 +/- 2.2,142.0 +/- 2.4,143.0 +/- 2.6,144.0 +/- 2.8,145.0 +/- 3.0,146.0 +/- 3.2,147.0 +/- 3.3,148.0 +/- 3.5,149.0 +/- 3.6,150.0 +/- 3.7,151.0 +/- 3.9,152.0 +/- 4.0,153.0 +/- 4.1,154.0 +/- 4.2,155.0 +/- 4.4,156.0 +/- 4.5,157.0 +/- 4.6,158.0 +/- 4.7,159.0 +/- 4.8,160.0 +/- 4.9,161.0 +/- 5.0,162.0 +/- 5.1,163.0 +/- 5.2,164.0 +/- 5.3,165.0 +/- 5.4,166.0 +/- 5.5,167.0 +/- 5.6,168.0 +/- 5.7
Iceland,134.0 +/- 0.0,160.6 +/- 19.8,190.0 +/- 46.6,222.2 +/- 82.0,256.7 +/- 127.0,0.0 +/- 0.0,0.0 +/- 0.0,0.0 +/- 0.0,0.0 +/- 0.0,0.0 +/- 0.0,0.0 +/- 0.0,0.0 +/- 0.0,0.0 +/- 0.0,0.0 +/- 0.0,0.0 +/- 0.0,0.0 +/- 0.0,0.0 +/- 0.0,0.0 +/- 0.0,0.0 +/- 0.0,0.0 +/- 0.0,0.0 +/- 0.0,0.0 +/- 0.0,0.0 +/- 0.0,0.0 +/- 0.0,0.0 +/- 0.0,0.0 +/- 0.0,0.0 +/- 0.0,0.0 +/- 0.0,0.0 +/- 0.0,0.0 +/- 0.0,0.0 +/- 0.0,0.0 +/- 0.0,0.0 +/- 0.0
Hong Kong,134.0 +/- 0.0,134.0 +/- 0.0,134.0 +/- 0.0,134.0 +/- 0.0,134.0 +/- 0.0,134.0 +/- 0.0,134.0 +/- 0.0,134.0 +/- 0.1,134.0 +/- 0.1,134.0 +/- 0.1,134.0 +/- 0.1,134.0 +/- 0.1,134.0 +/- 0.1,134.0 +/- 0.1,134.0 +/- 0.1,134.0 +/- 0.1,134.0 +/- 0.1,134.0 +/- 0.1,134.0 +/- 0.1,134.0 +/- 0.1,134.0 +/- 0.1,134.0 +/- 0.2,134.0 +/- 0.2,134.0 +/- 0.2,134.0 +/- 0.2,134.0 +/- 0.2,134.0 +/- 0.2,134.0 +/- 0.2,134.0 +/- 0.2,134.0 +/- 0.2,134.0 +/- 0.2,134.0 +/- 0.2,134.0 +/- 0.2
Shanxi,133.0 +/- 0.0,133.0 +/- 0.0,133.0 +/- 0.0,133.0 +/- 0.0,133.0 +/- 0.1,133.0 +/- 0.1,133.0 +/- 0.1,133.0 +/- 0.1,133.0 +/- 0.1,133.0 +/- 0.1,133.0 +/- 0.1,133.0 +/- 0.2,133.0 +/- 0.2,133.0 +/- 0.2,133.0 +/- 0.2,133.0 +/- 0.2,133.0 +/- 0.2,133.0 +/- 0.2,133.0 +/- 0.2,133.0 +/- 0.3,133.0 +/- 0.3,133.0 +/- 0.3,133.0 +/- 0.3,133.0 +/- 0.3,133.0 +/- 0.3,133.0 +/- 0.3,133.0 +/- 0.4,133.0 +/- 0.4,133.0 +/- 0.4,133.0 +/- 0.4,133.0 +/- 0.4,133.0 +/- 0.4,133.0 +/- 0.4
Gansu,127.0 +/- 0.0,127.6 +/- 3.0,127.9 +/- 4.9,128.1 +/- 6.2,128.2 +/- 6.9,128.3 +/- 7.4,128.3 +/- 7.6,128.3 +/- 7.8,128.4 +/- 7.8,128.4 +/- 7.9,128.4 +/- 7.9,128.4 +/- 7.9,128.4 +/- 7.9,128.4 +/- 7.9,128.4 +/- 7.9,128.4 +/- 7.9,128.4 +/- 7.9,128.4 +/- 7.9,128.4 +/- 7.9,128.4 +/- 7.9,128.4 +/- 7.9,128.4 +/- 7.9,128.4 +/- 7.9,128.4 +/- 7.9,128.4 +/- 7.9,128.4 +/- 7.9,128.4 +/- 7.9,128.4 +/- 7.9,128.4 +/- 7.9,128.4 +/- 7.9,128.4 +/- 7.9,128.4 +/- 7.9,128.4 +/- 7.9
Liaoning,125.0 +/- 0.0,126.0 +/- 1.0,127.0 +/- 1.4,128.0 +/- 1.7,129.0 +/- 2.0,130.0 +/- 2.2,131.0 +/- 2.4,132.0 +/- 2.6,133.0 +/- 2.8,134.0 +/- 3.0,135.0 +/- 3.2,136.0 +/- 3.3,137.0 +/- 3.5,138.0 +/- 3.6,139.0 +/- 3.7,140.0 +/- 3.9,141.0 +/- 4.0,142.0 +/- 4.1,143.0 +/- 4.2,144.0 +/- 4.4,145.0 +/- 4.5,146.0 +/- 4.6,147.0 +/- 4.7,148.0 +/- 4.8,149.0 +/- 4.9,150.0 +/- 5.0,151.0 +/- 5.1,152.0 +/- 5.2,153.0 +/- 5.3,154.0 +/- 5.4,155.0 +/- 5.5,156.0 +/- 5.6,157.0 +/- 5.7
Massachusetts,0.0 +/- 0.0,0.0 +/- 0.0,0.0 +/- 0.0,0.0 +/- 0.0,0.0 +/- 0.0,0.0 +/- 0.0,0.0 +/- 0.0,0.0 +/- 0.0,0.0 +/- 0.0,0.0 +/- 0.0,0.0 +/- 0.0,0.0 +/- 0.0,0.0 +/- 0.0,0.0 +/- 0.0,0.0 +/- 0.0,0.0 +/- 0.0,0.0 +/- 0.0,0.0 +/- 0.0,0.0 +/- 0.0,0.0 +/- 0.0,0.0 +/- 0.0,0.0 +/- 0.0,0.0 +/- 0.0,0.0 +/- 0.0,0.0 +/- 0.0,0.0 +/- 0.0,0.0 +/- 0.0,0.0 +/- 0.0,0.0 +/- 0.0,0.0 +/- 0.0,0.0 +/- 0.0,0.0 +/- 0.0,0.0 +/- 0.0
Portugal,112.0 +/- 0.0,190.4 +/- 44.6,307.6 +/- 139.1,0.0 +/- 0.0,0.0 +/- 0.0,0.0 +/- 0.0,0.0 +/- 0.0,0.0 +/- 0.0,0.0 +/- 0.0,0.0 +/- 0.0,0.0 +/- 0.0,0.0 +/- 0.0,0.0 +/- 0.0,0.0 +/- 0.0,0.0 +/- 0.0,0.0 +/- 0.0,0.0 +/- 0.0,0.0 +/- 0.0,0.0 +/- 0.0,0.0 +/- 0.0,0.0 +/- 0.0,0.0 +/- 0.0,0.0 +/- 0.0,0.0 +/- 0.0,0.0 +/- 0.0,0.0 +/- 0.0,0.0 +/- 0.0,0.0 +/- 0.0,0.0 +/- 0.0,0.0 +/- 0.0,0.0 +/- 0.0,0.0 +/- 0.0,0.0 +/- 0.0
Iraq,0.0 +/- 0.0,0.0 +/- 0.0,0.0 +/- 0.0,0.0 +/- 0.0,0.0 +/- 0.0,0.0 +/- 0.0,0.0 +/- 0.0,0.0 +/- 0.0,0.0 +/- 0.0,0.0 +/- 0.0,0.0 +/- 0.0,0.0 +/- 0.0,0.0 +/- 0.0,0.0 +/- 0.0,0.0 +/- 0.0,0.0 +/- 0.0,0.0 +/- 0.0,0.0 +/- 0.0,0.0 +/- 0.0,0.0 +/- 0.0,0.0 +/- 0.0,0.0 +/- 0.0,0.0 +/- 0.0,0.0 +/- 0.0,0.0 +/- 0.0,0.0 +/- 0.0,0.0 +/- 0.0,0.0 +/- 0.0,0.0 +/- 0.0,0.0 +/- 0.0,0.0 +/- 0.0,0.0 +/- 0.0,0.0 +/- 0.0
Jilin,93.0 +/- 0.0,93.0 +/- 0.0,93.0 +/- 0.0,93.0 +/- 0.0,93.0 +/- 0.0,93.0 +/- 0.0,93.0 +/- 0.0,93.0 +/- 0.0,93.0 +/- 0.0,93.0 +/- 0.0,93.0 +/- 0.0,93.0 +/- 0.0,93.0 +/- 0.0,93.0 +/- 0.0,93.0 +/- 0.0,93.0 +/- 0.0,93.0 +/- 0.0,93.0 +/- 0.0,93.0 +/- 0.0,93.0 +/- 0.0,93.0 +/- 0.0,93.0 +/- 0.0,93.0 +/- 0.0,93.0 +/- 0.0,93.0 +/- 0.0,93.0 +/- 0.0,93.0 +/- 0.0,93.0 +/- 0.0,93.0 +/- 0.0,93.0 +/- 0.0,93.0 +/- 0.0,93.0 +/- 0.0,93.0 +/- 0.0
New South Wales,92.0 +/- 0.0,122.8 +/- 29.7,161.7 +/- 78.4,0.0 +/- 0.0,0.0 +/- 0.0,0.0 +/- 0.0,0.0 +/- 0.0,0.0 +/- 0.0,0.0 +/- 0.0,0.0 +/- 0.0,0.0 +/- 0.0,0.0 +/- 0.0,0.0 +/- 0.0,0.0 +/- 0.0,0.0 +/- 0.0,0.0 +/- 0.0,0.0 +/- 0.0,0.0 +/- 0.0,0.0 +/- 0.0,0.0 +/- 0.0,0.0 +/- 0.0,0.0 +/- 0.0,0.0 +/- 0.0,0.0 +/- 0.0,0.0 +/- 0.0,0.0 +/- 0.0,0.0 +/- 0.0,0.0 +/- 0.0,0.0 +/- 0.0,0.0 +/- 0.0,0.0 +/- 0.0,0.0 +/- 0.0,0.0 +/- 0.0
Ireland,90.0 +/- 0.0,181.6 +/- 58.8,0.0 +/- 0.0,0.0 +/- 0.0,0.0 +/- 0.0,0.0 +/- 0.0,0.0 +/- 0.0,0.0 +/- 0.0,0.0 +/- 0.0,0.0 +/- 0.0,0.0 +/- 0.0,0.0 +/- 0.0,0.0 +/- 0.0,0.0 +/- 0.0,0.0 +/- 0.0,0.0 +/- 0.0,0.0 +/- 0.0,0.0 +/- 0.0,0.0 +/- 0.0,0.0 +/- 0.0,0.0 +/- 0.0,0.0 +/- 0.0,0.0 +/- 0.0,0.0 +/- 0.0,0.0 +/- 0.0,0.0 +/- 0.0,0.0 +/- 0.0,0.0 +/- 0.0,0.0 +/- 0.0,0.0 +/- 0.0,0.0 +/- 0.0,0.0 +/- 0.0,0.0 +/- 0.0
Romania,89.0 +/- 0.0,183.9 +/- 9.7,423.8 +/- 18.3,1021.7 +/- 30.5,2487.6 +/- 49.0,6020.1 +/- 77.0,14382.8 +/- 119.6,33830.3 +/- 183.7,78252.3 +/- 279.6,177918.1 +/- 421.7,397552.9 +/- 630.4,872956.6 +/- 934.3,1883672.7 +/- 1372.4,3994247.7 +/- 1998.5,8323145.2 +/- 2885.0,17043991.8 +/- 4128.4,34300177.9 +/- 5856.6,67838073.1 +/- 8236.4,131860424.4 +/- 11483.0,251902162.3 +/- 15871.4,472976217.7 +/- 21748.0,872873214.9 +/- 29544.4,1583372067.7 +/- 39791.6,2823263056.3 +/- 53134.4,4948505702.0 +/- 70345.6,8526490139.2 +/- 92339.0,14443104864.0 +/- 120179.5,24052876353.5 +/- 155089.9,39383427531.7 +/- 198452.6,63405331441.3 +/- 251804.2,100376403010.4 +/- 316822.4,156264795343.0 +/- 395303.4,239247229499.7 +/- 489129.1
Saudi Arabia,86.0 +/- 0.0,160.6 +/- 54.9,0.0 +/- 0.0,0.0 +/- 0.0,0.0 +/- 0.0,0.0 +/- 0.0,0.0 +/- 0.0,0.0 +/- 0.0,0.0 +/- 0.0,0.0 +/- 0.0,0.0 +/- 0.0,0.0 +/- 0.0,0.0 +/- 0.0,0.0 +/- 0.0,0.0 +/- 0.0,0.0 +/- 0.0,0.0 +/- 0.0,0.0 +/- 0.0,0.0 +/- 0.0,0.0 +/- 0.0,0.0 +/- 0.0,0.0 +/- 0.0,0.0 +/- 0.0,0.0 +/- 0.0,0.0 +/- 0.0,0.0 +/- 0.0,0.0 +/- 0.0,0.0 +/- 0.0,0.0 +/- 0.0,0.0 +/- 0.0,0.0 +/- 0.0,0.0 +/- 0.0,0.0 +/- 0.0
United Arab Emirates,0.0 +/- 0.0,0.0 +/- 0.0,0.0 +/- 0.0,0.0 +/- 0.0,0.0 +/- 0.0,0.0 +/- 0.0,0.0 +/- 0.0,0.0 +/- 0.0,0.0 +/- 0.0,0.0 +/- 0.0,0.0 +/- 0.0,0.0 +/- 0.0,0.0 +/- 0.0,0.0 +/- 0.0,0.0 +/- 0.0,0.0 +/- 0.0,0.0 +/- 0.0,0.0 +/- 0.0,0.0 +/- 0.0,0.0 +/- 0.0,0.0 +/- 0.0,0.0 +/- 0.0,0.0 +/- 0.0,0.0 +/- 0.0,0.0 +/- 0.0,0.0 +/- 0.0,0.0 +/- 0.0,0.0 +/- 0.0,0.0 +/- 0.0,0.0 +/- 0.0,0.0 +/- 0.0,0.0 +/- 0.0,0.0 +/- 0.0
India,82.0 +/- 0.0,90.0 +/- 10.7,97.8 +/- 22.4,105.2 +/- 35.0,112.1 +/- 48.4,0.0 +/- 0.0,0.0 +/- 0.0,0.0 +/- 0.0,0.0 +/- 0.0,0.0 +/- 0.0,0.0 +/- 0.0,0.0 +/- 0.0,0.0 +/- 0.0,0.0 +/- 0.0,0.0 +/- 0.0,0.0 +/- 0.0,0.0 +/- 0.0,0.0 +/- 0.0,0.0 +/- 0.0,0.0 +/- 0.0,0.0 +/- 0.0,0.0 +/- 0.0,0.0 +/- 0.0,0.0 +/- 0.0,0.0 +/- 0.0,0.0 +/- 0.0,0.0 +/- 0.0,0.0 +/- 0.0,0.0 +/- 0.0,0.0 +/- 0.0,0.0 +/- 0.0,0.0 +/- 0.0,0.0 +/- 0.0
San Marino,80.0 +/- 0.0,89.7 +/- 9.6,98.6 +/- 19.2,106.6 +/- 28.9,113.5 +/- 38.3,119.4 +/- 47.0,124.4 +/- 54.7,128.4 +/- 61.2,0.0 +/- 0.0,0.0 +/- 0.0,0.0 +/- 0.0,0.0 +/- 0.0,0.0 +/- 0.0,0.0 +/- 0.0,0.0 +/- 0.0,0.0 +/- 0.0,0.0 +/- 0.0,0.0 +/- 0.0,0.0 +/- 0.0,0.0 +/- 0.0,0.0 +/- 0.0,0.0 +/- 0.0,0.0 +/- 0.0,0.0 +/- 0.0,0.0 +/- 0.0,0.0 +/- 0.0,0.0 +/- 0.0,0.0 +/- 0.0,0.0 +/- 0.0,0.0 +/- 0.0,0.0 +/- 0.0,0.0 +/- 0.0,160.4 +/- 80.6
Kuwait,80.0 +/- 0.0,80.0 +/- 0.1,80.0 +/- 0.1,80.0 +/- 0.1,80.0 +/- 0.1,80.0 +/- 0.2,80.0 +/- 0.2,80.0 +/- 0.2,80.0 +/- 0.2,80.0 +/- 0.2,80.0 +/- 0.2,80.0 +/- 0.3,80.0 +/- 0.3,80.0 +/- 0.3,80.0 +/- 0.3,80.0 +/- 0.3,80.0 +/- 0.4,80.0 +/- 0.4,80.0 +/- 0.4,80.0 +/- 0.4,80.0 +/- 0.4,80.0 +/- 0.5,80.0 +/- 0.5,80.0 +/- 0.5,80.0 +/- 0.5,80.0 +/- 0.5,80.0 +/- 0.6,80.0 +/- 0.6,80.0 +/- 0.6,80.0 +/- 0.6,80.0 +/- 0.6,80.0 +/- 0.7,80.0 +/- 0.7
Egypt,80.0 +/- 0.0,85.9 +/- 7.5,90.8 +/- 14.1,94.9 +/- 20.1,98.4 +/- 25.4,101.2 +/- 29.8,103.6 +/- 33.5,105.6 +/- 36.4,107.4 +/- 38.8,108.9 +/- 40.5,110.3 +/- 41.9,111.5 +/- 42.9,112.7 +/- 43.6,113.8 +/- 44.1,114.9 +/- 44.4,115.9 +/- 44.7,117.0 +/- 44.8,118.0 +/- 44.9,119.0 +/- 45.0,120.0 +/- 45.1,121.0 +/- 45.1,122.0 +/- 45.1,123.0 +/- 45.1,124.0 +/- 45.2,125.0 +/- 45.2,126.0 +/- 45.2,127.0 +/- 45.2,128.0 +/- 45.2,129.0 +/- 45.2,130.0 +/- 45.2,131.0 +/- 45.2,132.0 +/- 45.3,133.0 +/- 45.3
Estonia,79.0 +/- 0.0,346.0 +/- 90.0,1376.2 +/- 492.8,5264.6 +/- 2309.1,0.0 +/- 0.0,0.0 +/- 0.0,0.0 +/- 0.0,0.0 +/- 0.0,0.0 +/- 0.0,0.0 +/- 0.0,0.0 +/- 0.0,0.0 +/- 0.0,0.0 +/- 0.0,0.0 +/- 0.0,0.0 +/- 0.0,0.0 +/- 0.0,0.0 +/- 0.0,0.0 +/- 0.0,0.0 +/- 0.0,0.0 +/- 0.0,0.0 +/- 0.0,0.0 +/- 0.0,0.0 +/- 0.0,0.0 +/- 0.0,0.0 +/- 0.0,0.0 +/- 0.0,0.0 +/- 0.0,0.0 +/- 0.0,0.0 +/- 0.0,0.0 +/- 0.0,0.0 +/- 0.0,0.0 +/- 0.0,0.0 +/- 0.0
Lebanon,77.0 +/- 0.0,94.9 +/- 15.8,112.7 +/- 34.2,130.0 +/- 55.4,0.0 +/- 0.0,0.0 +/- 0.0,0.0 +/- 0.0,0.0 +/- 0.0,0.0 +/- 0.0,0.0 +/- 0.0,0.0 +/- 0.0,0.0 +/- 0.0,0.0 +/- 0.0,0.0 +/- 0.0,0.0 +/- 0.0,0.0 +/- 0.0,0.0 +/- 0.0,0.0 +/- 0.0,0.0 +/- 0.0,0.0 +/- 0.0,0.0 +/- 0.0,0.0 +/- 0.0,0.0 +/- 0.0,0.0 +/- 0.0,0.0 +/- 0.0,0.0 +/- 0.0,0.0 +/- 0.0,0.0 +/- 0.0,0.0 +/- 0.0,0.0 +/- 0.0,0.0 +/- 0.0,0.0 +/- 0.0,0.0 +/- 0.0
Xinjiang,76.0 +/- 0.0,77.0 +/- 1.0,78.0 +/- 1.4,79.0 +/- 1.7,80.0 +/- 2.0,81.0 +/- 2.2,82.0 +/- 2.4,83.0 +/- 2.6,84.0 +/- 2.8,85.0 +/- 3.0,86.0 +/- 3.2,87.0 +/- 3.3,88.0 +/- 3.5,89.0 +/- 3.6,90.0 +/- 3.7,91.0 +/- 3.9,92.0 +/- 4.0,93.0 +/- 4.1,94.0 +/- 4.2,95.0 +/- 4.4,96.0 +/- 4.5,97.0 +/- 4.6,98.0 +/- 4.7,99.0 +/- 4.8,100.0 +/- 4.9,101.0 +/- 5.0,102.0 +/- 5.1,103.0 +/- 5.2,104.0 +/- 5.3,105.0 +/- 5.4,106.0 +/- 5.5,107.0 +/- 5.6,108.0 +/- 5.7
Thailand,75.0 +/- 0.0,82.9 +/- 16.2,91.1 +/- 38.7,0.0 +/- 0.0,0.0 +/- 0.0,0.0 +/- 0.0,0.0 +/- 0.0,0.0 +/- 0.0,0.0 +/- 0.0,0.0 +/- 0.0,0.0 +/- 0.0,0.0 +/- 0.0,0.0 +/- 0.0,0.0 +/- 0.0,0.0 +/- 0.0,0.0 +/- 0.0,0.0 +/- 0.0,0.0 +/- 0.0,0.0 +/- 0.0,0.0 +/- 0.0,0.0 +/- 0.0,0.0 +/- 0.0,0.0 +/- 0.0,0.0 +/- 0.0,0.0 +/- 0.0,0.0 +/- 0.0,0.0 +/- 0.0,0.0 +/- 0.0,0.0 +/- 0.0,0.0 +/- 0.0,0.0 +/- 0.0,0.0 +/- 0.0,0.0 +/- 0.0
Ningxia,75.0 +/- 0.0,76.0 +/- 1.0,77.0 +/- 1.4,78.0 +/- 1.7,79.0 +/- 2.0,80.0 +/- 2.2,81.0 +/- 2.4,82.0 +/- 2.6,83.0 +/- 2.8,84.0 +/- 3.0,85.0 +/- 3.2,86.0 +/- 3.3,87.0 +/- 3.5,88.0 +/- 3.6,89.0 +/- 3.7,90.0 +/- 3.9,91.0 +/- 4.0,92.0 +/- 4.1,93.0 +/- 4.2,94.0 +/- 4.4,95.0 +/- 4.5,96.0 +/- 4.6,97.0 +/- 4.7,98.0 +/- 4.8,99.0 +/- 4.9,100.0 +/- 5.0,101.0 +/- 5.1,102.0 +/- 5.2,103.0 +/- 5.3,104.0 +/- 5.4,105.0 +/- 5.5,106.0 +/- 5.6,107.0 +/- 5.7
Inner Mongolia,75.0 +/- 0.0,76.0 +/- 1.0,77.0 +/- 1.4,78.0 +/- 1.7,79.0 +/- 2.0,80.0 +/- 2.2,81.0 +/- 2.4,82.0 +/- 2.6,83.0 +/- 2.8,84.0 +/- 3.0,85.0 +/- 3.2,86.0 +/- 3.3,87.0 +/- 3.5,88.0 +/- 3.6,89.0 +/- 3.7,90.0 +/- 3.9,91.0 +/- 4.0,92.0 +/- 4.1,93.0 +/- 4.2,94.0 +/- 4.4,95.0 +/- 4.5,96.0 +/- 4.6,97.0 +/- 4.7,98.0 +/- 4.8,99.0 +/- 4.9,100.0 +/- 5.0,101.0 +/- 5.1,102.0 +/- 5.2,103.0 +/- 5.3,104.0 +/- 5.4,105.0 +/- 5.5,106.0 +/- 5.6,107.0 +/- 5.7
Ontario,74.0 +/- 0.0,155.2 +/- 46.9,0.0 +/- 0.0,0.0 +/- 0.0,0.0 +/- 0.0,0.0 +/- 0.0,0.0 +/- 0.0,0.0 +/- 0.0,0.0 +/- 0.0,0.0 +/- 0.0,0.0 +/- 0.0,0.0 +/- 0.0,0.0 +/- 0.0,0.0 +/- 0.0,0.0 +/- 0.0,0.0 +/- 0.0,0.0 +/- 0.0,0.0 +/- 0.0,0.0 +/- 0.0,0.0 +/- 0.0,0.0 +/- 0.0,0.0 +/- 0.0,0.0 +/- 0.0,0.0 +/- 0.0,0.0 +/- 0.0,0.0 +/- 0.0,0.0 +/- 0.0,0.0 +/- 0.0,0.0 +/- 0.0,0.0 +/- 0.0,0.0 +/- 0.0,0.0 +/- 0.0,0.0 +/- 0.0
Indonesia,69.0 +/- 0.0,125.7 +/- 48.3,0.0 +/- 0.0,0.0 +/- 0.0,0.0 +/- 0.0,0.0 +/- 0.0,0.0 +/- 0.0,0.0 +/- 0.0,0.0 +/- 0.0,0.0 +/- 0.0,0.0 +/- 0.0,0.0 +/- 0.0,0.0 +/- 0.0,0.0 +/- 0.0,0.0 +/- 0.0,0.0 +/- 0.0,0.0 +/- 0.0,0.0 +/- 0.0,0.0 +/- 0.0,0.0 +/- 0.0,0.0 +/- 0.0,0.0 +/- 0.0,0.0 +/- 0.0,0.0 +/- 0.0,0.0 +/- 0.0,0.0 +/- 0.0,0.0 +/- 0.0,0.0 +/- 0.0,0.0 +/- 0.0,0.0 +/- 0.0,0.0 +/- 0.0,0.0 +/- 0.0,0.0 +/- 0.0
Poland,68.0 +/- 0.0,94.6 +/- 34.3,0.0 +/- 0.0,0.0 +/- 0.0,0.0 +/- 0.0,0.0 +/- 0.0,0.0 +/- 0.0,0.0 +/- 0.0,0.0 +/- 0.0,0.0 +/- 0.0,0.0 +/- 0.0,0.0 +/- 0.0,0.0 +/- 0.0,0.0 +/- 0.0,0.0 +/- 0.0,0.0 +/- 0.0,0.0 +/- 0.0,0.0 +/- 0.0,0.0 +/- 0.0,0.0 +/- 0.0,0.0 +/- 0.0,0.0 +/- 0.0,0.0 +/- 0.0,0.0 +/- 0.0,0.0 +/- 0.0,0.0 +/- 0.0,0.0 +/- 0.0,0.0 +/- 0.0,0.0 +/- 0.0,0.0 +/- 0.0,0.0 +/- 0.0,0.0 +/- 0.0,0.0 +/- 0.0
Georgia,67.0 +/- 0.0,79.0 +/- 13.5,90.7 +/- 29.4,101.8 +/- 47.5,0.0 +/- 0.0,0.0 +/- 0.0,0.0 +/- 0.0,0.0 +/- 0.0,0.0 +/- 0.0,0.0 +/- 0.0,0.0 +/- 0.0,0.0 +/- 0.0,0.0 +/- 0.0,0.0 +/- 0.0,0.0 +/- 0.0,0.0 +/- 0.0,0.0 +/- 0.0,0.0 +/- 0.0,0.0 +/- 0.0,0.0 +/- 0.0,0.0 +/- 0.0,0.0 +/- 0.0,0.0 +/- 0.0,0.0 +/- 0.0,0.0 +/- 0.0,0.0 +/- 0.0,0.0 +/- 0.0,0.0 +/- 0.0,0.0 +/- 0.0,0.0 +/- 0.0,0.0 +/- 0.0,0.0 +/- 0.0,0.0 +/- 0.0
Philippines,64.0 +/- 0.0,74.2 +/- 11.3,84.1 +/- 24.0,93.2 +/- 38.0,0.0 +/- 0.0,0.0 +/- 0.0,0.0 +/- 0.0,0.0 +/- 0.0,0.0 +/- 0.0,0.0 +/- 0.0,0.0 +/- 0.0,0.0 +/- 0.0,0.0 +/- 0.0,0.0 +/- 0.0,0.0 +/- 0.0,0.0 +/- 0.0,0.0 +/- 0.0,0.0 +/- 0.0,0.0 +/- 0.0,0.0 +/- 0.0,0.0 +/- 0.0,0.0 +/- 0.0,0.0 +/- 0.0,0.0 +/- 0.0,0.0 +/- 0.0,0.0 +/- 0.0,0.0 +/- 0.0,0.0 +/- 0.0,0.0 +/- 0.0,0.0 +/- 0.0,0.0 +/- 0.0,0.0 +/- 0.0,0.0 +/- 0.0
British Columbia,64.0 +/- 0.0,78.8 +/- 22.3,0.0 +/- 0.0,0.0 +/- 0.0,0.0 +/- 0.0,0.0 +/- 0.0,0.0 +/- 0.0,0.0 +/- 0.0,0.0 +/- 0.0,0.0 +/- 0.0,0.0 +/- 0.0,0.0 +/- 0.0,0.0 +/- 0.0,0.0 +/- 0.0,0.0 +/- 0.0,0.0 +/- 0.0,0.0 +/- 0.0,0.0 +/- 0.0,0.0 +/- 0.0,0.0 +/- 0.0,0.0 +/- 0.0,0.0 +/- 0.0,0.0 +/- 0.0,0.0 +/- 0.0,0.0 +/- 0.0,0.0 +/- 0.0,0.0 +/- 0.0,0.0 +/- 0.0,0.0 +/- 0.0,0.0 +/- 0.0,0.0 +/- 0.0,0.0 +/- 0.0,0.0 +/- 0.0
